SampleID,qPCR18S
1192AA,0.0
1192BB,0.0
1192CC,0.0
1192DD,0.0
1192EE,0.0
1192FF,0.0
1671G,0.0
1671H,0.0
1757J,0.0
1818J,0.0
1818J,0.0
FMT.0241B,0.0
1687L,0.0
1751H,1.6805555555555556
1695F,3.5
1816C,10.721673225534373
1751J,11.465530241689375
1814I,12.297623117944593
1816E,25.379705749102087
1814J,43.473780155181885
1823G,45.99120342329647
1772H,49.27196865340313
1802L,51.0176420211792
1734F,55.409221578452545
1809D,56.15176825687803
1809F,58.81579882568784
1823E,59.948934242129326
1751M,79.88548203703704
1713K,83.31629581113562
1823I,87.88968894466664
1751K,92.5825
1723B,96.18188707
1695G,102.0
FMT.0033Z,109.4589814
1814H,110.2515506400098
1823H,111.16488921789475
1734J,114.67762496493278
1816F,128.7499438510852
FMT.0033AA,152.5391775
FMT.0033X,159.2854259
FMT.0033W,160.7459086
1700G,189.55967606557374
1751I,193.72676923076926
1713J,205.30642084328522
1802J,220.925480256349
FMT.0033Y,228.4682234
1751L,234.1677391304348
1809G,244.62390432552417
1751C,265.8900849858357
1192GG,266.0636958621797
1751F,289.39177798941955
FMT.0248F,292.2175273
FMT.0248G,344.3904128
1192II,344.53832697204024
1772D,377.31491693175667
698G,411.82417413849373
FMT.0033CC,422.5505495
1687K,437.5736852
1710C,443.6971316035962
1772I,507.56788099875473
1824F,537.2217961023288
1814F,615.5331635180816
1772N,659.0149039229495
1734I,664.6817822918845
1687J,669.4463485
1734E,685.7240090273581
1734H,717.0730982071314
1192NN,732.8749878
1700D,739.3696604819278
1736B,901.5025365805658
1691E,1058.5873862014316
1798J,1099.21452937982
1192V,1167.45483918002
FMT.0243J,1178.793272
1192JJ,1183.435317
FMT.0243H,1230.28397
FMT.0098V,1286.628814
1734L,1412.525113
FMT.0010E,1463.074300480985
1823M,1592.737911957238
1710B,1594.8798683252228
1809H,1613.5921362440595
FMT.0010C,1710.3908275542633
1809C,1812.5763235166091
1814K,1869.526460101911
1671B,1889.0141063042306
1734K,1970.536565
1806G,2187.098041782534
1734A,2187.8704162464683
1816B,2201.3769478633485
1684B,2271.203782823351
1730D,2320.70433791453
1802M,2531.8227906613033
1665A,2574.093553441516
1734O,2634.168741
1823J,2961.2005047681855
1816J,2973.813657407408
1671I,3024.865645
972H,3480.3021310389727
1776E,3627.950683628707
1806B,3703.4583470178027
1751E,3704.242891566265
1656F,3712.7521854406136
1671F,3713.930849
1823D,3729.9557778402727
1678A,3777.4334116878667
1776K,3982.2764862748913
1192HH,4016.6896089004663
1734R,4459.630506
1691H,4693.578307881898
1665H,4954.752123918656
1823L,4991.913105333819
1772G,5550.2922390751355
FMT.0248D,5835.622955
1806E,5871.92664166543
1814Q,6068.197268026846
1656C,6299.487863829787
1691D,6535.622883832991
1776L,6557.219540440919
1759B,6754.075558249521
1809E,6811.054034110826
1734N,6811.835084
1806F,6814.968649911698
1806C,6879.573704041157
1751B,6982.1796610169495
1791A,7669.435422518727
1810B,7752.3046875
1192OO,7856.38701
1776D,7900.827511
1710A,7959.435188498803
FMT.0035D,7963.894626550507
1657J,8496.696492140922
1713L,8728.234628137432
FMT.0033V,8851.147891
FMT.0250A,9206.047655
1751D,9558.048902821318
1755B,9673.186311787073
1192QQ,9908.209414
1690A,10212.49376494309
FMT.0028D,10427.59012858073
1802P,11282.36572
1684D,12058.587966988618
1734M,12276.41381
FMT.0050C,12871.035090908228
1755A,13080.957960301514
FMT.0020I,13504.64961988509
1818K,13784.075842963326
1809A,14282.617171605427
1751N,14309.81264672897
FMT.0035C,14829.029538045546
1751G,14980.93166234303
FMT.0063N,15697.734257946277
1657D,15720.204021884496
FMT.0050D,16550.048908540222
1705F,16958.455557775018
FMT.0063D,17157.411152371693
1772F,17238.52248418899
1642H,17526.67044
1705E,18073.918344111342
1192PP,18454.3317
1644B,19540.74981939784
1687M,20102.54764691016
1720G,20198.205196496212
1657F,20199.511327615783
FMT.0250C,20703.79348
1691C,21013.507147377284
FMT.0010F,21742.06453211167
1810D,22000.76623477846
1657I,22108.008066666665
1802E,22438.170335632185
FMT.0010L,22742.926733834403
1814P,23594.88099994081
1658H,24468.92734743514
1657A,25173.946158730156
1766L,25956.21402051571
1814G,26383.38481960584
FMT.0033BB,27830.19264
1736C,28189.24586
1192MM,28835.24171
1684E,29189.36356254246
1192LL,29452.87277
1709B,29715.80009
1789A,30590.742522594974
1657G,30645.623342857147
1687F,30693.812012980463
1731C,31266.145299692624
1751A,31276.592991913745
1823C,32058.081921236015
1766D,32080.743153889976
FMT.0239F,32130.55342662184
1671C,32174.21704076052
1686G,32561.52464611696
1687O,32668.44210417374
1658I,33063.82541612034
698H,33296.5087890625
1657B,33444.31201656315
1806A,33573.140092329544
1192KK,33676.29122
1705I,35238.42340783228
1766E,36108.92716415422
1705A,36600.67558
1826A,37451.40564363766
1713N,39121.797688802086
1713F,39440.67855475326
1657K,39554.433242236024
1816A,39809.99792850379
1755F,39911.44581005588
1709A,40164.37413
1690B,40611.99540661955
FMT.0241C,41196.8929492796
FMT.0020F,42642.82513112529
1773B,43049.665891807264
FMT.0050G,43426.57422262524
1809B,43750.57527388649
FMT.0010O,44624.95978580349
FMT.0010M,44822.443819594104
1690D,45522.94270128742
1766K,47513.50383710742
1192W,49090.59230451542
FMT.0243A,49461.0812
1772M,49815.29535031785
FMT.0010D,52031.076468673404
1705C,52164.56943
1773O,52457.33772
1687N,53643.478523971695
FMT.0218D,54019.62172
1684F,54313.28960796735
1760J,55046.368966142225
1658J,56340.95764160156
698I,56346.37852889464
1700H,57208.5933986014
1809J,57621.25162271647
FMT.0063D,58452.82777014037
FMT.0063N,58883.197383793515
1713Q,59708.89664016583
1720B,62706.68593
FMT.0035H,70396.88913445723
1734D,70494.36595927434
1802K,71784.24177498653
1705D,73629.20073
972M,74745.7655314802
1773D,75199.69714393497
1665G,77330.41231749488
FMT.0035I,81021.14991645592
1721B,82207.97526
FMT.0063K,83817.88777237928
1684C,84599.1093694827
1758B,84610.6683938655
FMT.0010P,85140.24165638706
1711B,86422.1573578499
1687D,86967.76378767293
1760L,87180.85970197406
1789H,88075.23041768791
FMT.0244B,89838.4827
FMT.0061BB,91845.40525007476
1642C,92983.92159598214
FMT.0028C,94633.32084760275
1802F,97972.4609375
1760K,99453.59619908364
FMT.0107A,100980.60542701656
1705J,102613.76462390074
1665B,104116.00124616564
FMT.0239A,105053.4338984929
1785H,106011.7764
1642B,107201.30941901408
1734C,108546.4950529127
FMT.0050B,110970.72804271852
FMT.0063L,111903.07757983707
1786A,22856451.0
FMT.0010R,117238.43137604641
1802D,119270.02687550201
1728C,125673.43383215963
1711A,126054.22752490942
1687A,128150.75102306549
1730C,131169.9659348371
FMT.0063GG,131196.17049530905
1657C,131448.44624875623
FMT.0239D,131947.47730248177
972K,134382.4869791667
1751P,136284.37619438118
FMT.0239B,139503.1992594401
972O,141254.28868705267
FMT.0050E,141305.33854166666
FMT.0244A,143239.4652
1713I,143550.5739708698
1810C,146581.1810090174
1709D,150140.7172
1687H,151897.59174495147
1816G,155671.30921378967
1818P,156675.63498557152
972C,165566.0323409347
1786B,24133162.0
FMT.0035M,167273.68046120167
FMT.0063M,170120.44270833334
1802C,171177.72587363835
1786C,11632337.0
1757B,172376.09553850803
FMT.0061L,172966.21054530624
1708F,175081.4627
1758E,176258.844705858
1772C,176589.03769841272
1818Q,178772.48562154424
972N,184051.60487383264
FMT.0035J,189963.5404698989
1728A,193431.17678381255
FMT.0010J,193795.54239908853
1726D,197301.0953
1711L,198161.0938
1656A,204821.20990825686
1695C,208000.0
1798L,209702.90572554976
FMT.0244L,210071.4859
1818G,212142.71463373656
1686H,213238.39393028844
FMT.0050F,213963.8337119533
1816D,218667.9485198917
1657H,220647.76470588235
FMT.0010N,221425.09214339717
1766B,221680.89817387398
1711N,222909.52400481192
1713D,226901.9791666667
1777E,229726.37824292455
FMT.0248E,232563.9567
1734P,235721.5416
1751O,236830.32718894002
1826D,238133.8644347735
FMT.063MM,238920.11623938105
1773L,239007.0258246528
1822C,241920.04504504506
1773I,243491.8427714156
1766C,245045.58992995066
1809K,249754.69435307017
FMT.0248H,253873.9638
1671A,255737.85641772597
1814M,260039.8488705524
FMT.0063K,263965.3613626325
1809M,268459.3926872591
1826C,272875.240265377
FMT.0020C,275339.6637271149
1818F,276590.1165786121
1726A,277175.7275
1642G,286394.68621351046
1814O,288805.35313901346
FMT.0251A,292961.6025050268
FMT.0250V,305627.4589703237
1824E,307436.4561305608
1776O,308157.4708876606
1823B,312667.7847599638
1720A,313050.6038
1823A,317700.9756706621
1801A,319720.67808493593
972J,323310.3593629992
1772J,324159.6350509129
1758H,325754.5538470017
1686F,330088.0174512987
1777D,333383.3996357362
1687I,334186.0881
FMT.0035B,334610.52537454985
1757H,337725.0855671611
1642R,339735.87970344385
1773P,343781.3376
1796D,346226.9142121647
1826E,352038.9013352737
FMT.0063L,352702.5325295559
1705L,354760.49450860504
1642I,354766.7347
FMT.0063J,354806.3214619955
1686A,355779.5128455529
1773M,358760.7578
1814E,359822.8759765625
972I,360341.69186827954
FMT.0050K,365563.6563628159
1731K,373643.84242466517
FMT.0063K,377930.2166151355
FMT.0063C,381446.55067740293
1758C,384577.48170882935
972D,385063.4292484254
FMT.0250M,386498.1308803763
1705N,387392.793091588
FMT.0098S,405705.9908
FMT.0035L,409120.0399055755
1705M,418522.796902852
FMT.0050K,436529.7833935018
1816H,436754.52769886365
1705K,438629.77056393673
1705H,438912.06668374315
972L,442598.0685763889
FMT.0238E,448618.5928399417
1773J,450034.37992902205
FMT.0061F,455780.62557324424
1690C,479477.1832606589
FMT.0063M,479526.9549334491
FMT.0010B,480315.36865234375
1823N,490729.26102053135
1644C,498544.68113612005
FMT.0050M,503238.5641431051
1705O,512954.1170634922
1773C,517758.2152276976
FMT.0061G,528918.696384804
1720C,531257.5805
FMT.0244K,551157.2424
FMT.0035G,559255.9455422794
1822A,560312.5986426767
1713O,576883.0078125
1773E,578348.2967909946
FMT.0035F,589427.3518041237
1773N,592291.6427
1798K,596832.7562736742
FMT.0063AAA,597195.234375
1802B,609553.1740497513
1657E,611387.2228956228
1720J,612007.3332609953
FMT.0061AA,615649.9516198395
1716C,624760.3055132114
1686E,660768.4938177507
1671E,671341.975
FMT.0250G,672827.0923
1789K,674659.2881944445
1691G,677095.8719135802
FMT.0063E,679361.1883533426
1786D,14919429.0
1814L,703400.5346053685
FMT.0249E,730383.6398654514
FMT.0061T,742951.7692225085
1734Q,744076.5042
1758G,749876.274496822
1824G,755701.1425893886
1720F,768490.7881079478
FMT.0098U,780556.0613
FMT.0239G,783836.833200637
1700C,786096.8940682415
972G,799280.4351742663
1796B,801651.7802753411
1789G,802162.8209786823
FMT.0248A,805438.0814
1826B,811277.004076087
1642P,813532.8767407163
1192UU,822276.6503
FMT.0020E,823278.5560344828
1644A,829091.8973921221
1695A,841000.0
FMT.0063XX,854430.4380458514
FMT.0020D,884554.3708975456
1687C,898402.069836128
1705R,911584.3749
1816I,912139.6336410985
1656B,915290.7673860912
1824G,925793.4823745674
FMT.0061A,929948.9260335917
FMT.0061D,936862.2688972512
MSK18,947058.870926155
1687E,957327.2639448924
FMT.0063NN,975153.8920606304
1766A,978775.0410903346
1786E,727032.44
1721E,1005548.17
1760B,1014779.8374720982
1818M,1034386.1728984716
1798B,1084491.1176063519
1700I,1100982.418755981
1721C,1102228.024
FMT.0063CCC,1123289.8262219552
1700A,1139666.6259765625
1711E,1142515.119429182
1814N,1143418.674424534
1791B,1149332.6604446308
1751V,1153983.9725842697
FMT.0249D,1173498.9016777987
1818B,1180755.4345640284
1823O,1181720.3187751006
1757C,1193382.322326187
1802O,1207786.849
1818L,1230927.7860449734
1776M,1245465.4160366263
1822F,1260644.505415013
1773K,1267649.0885416667
1785G,1285734.791
FMT.0250E,1295463.031
1658K,1308068.365497649
MSK10,1324041.6061046512
FMT.0061U,1329537.6669657095
FMT.0098R,1330709.327
1809I,1331912.8856899901
1658G,1334112.9032258063
FMT.0061C,1359800.134202454
1760M,1371053.0598958333
1772E,1389223.2983732878
1684A,1395424.4171626985
FMT.0063F,1404514.415372288
FMT.0244J,1418126.4721410004
1720L,1437286.6125274121
1687B,1446712.2395833333
1809L,1451935.57863313
FMT.0218E,1460025.78
FMT.0126TT,1477621.483032646
1711G,1494705.757472826
1192TT,1505070.219
1766O,1512809.0971631706
FMT.0250L,1530283.8453089572
1772A,1538076.4130015434
1686K,1549763.612689394
1665C,1594374.5866402118
1720K,1622481.4510233917
1801E,1633652.3854834402
FMT.0238D,1646932.4477215977
1398M,1652870.198787062
1776B,1672613.563
FMT.0028O,1702387.3967578895
1789J,1725489.3092105263
FMT.0248C,1751535.947
FMT.0244F,1784560.0620567377
1777I,1797796.9363776653
FMT.0244R,1833747.083875868
972R,1867337.9112929895
1798I,1873414.7818327504
1796E,1874085.1350532945
FMT.0061B,1907759.8766321044
1776F,1946678.3048265576
1818H,1955245.645721326
1789I,1958337.4732905983
1776A,1970391.907
FMT.0243C,1989884.136
1720H,2001595.5018939397
1801C,2114424.206997229
1642A,2160462.7479534005
FMT.0241D,2195663.2594530107
1736A,2201810.292682927
1706A,2211002.363
1713M,2247811.8699596776
698K,2277802.8330176766
1798H,2294720.8349815407
1776H,2317508.056
1824A,2327845.7637483133
1656D,2328096.426215645
FMT.0063H,2367966.5107484073
FMT.0243I,2412756.831
1773H,2449212.456597222
1642D,2459153.1361209964
1785I,2466558.974
1810A,2473445.749500571
MSK16,2474330.1052517365
FMT.0028E,2484075.293989547
1713B,2486767.782129882
1755J,2514768.3326962288
1656E,2557631.924705882
1796C,2574602.2646473264
1777H,2622566.6278812056
1705Q,2634973.167194093
1686L,2678879.1486291485
1760G,2691677.8171040514
FMT.0061E,2703212.245319383
1785A,2706842.763
FMT.0244M,2713414.0799776283
FMT.0063TT,2720495.101686508
FMT.0241E,2792982.3340754877
1824C,2888311.1185782556
FMT.0126VV,2949455.121805112
FMT.0126NN,2972921.360872675
1711J,2984375.283
FMT.0107F,3027194.3082788666
FMT.0063B,3035478.539385645
FMT.0239C,3174412.8178615193
1801D,3190205.0379372425
FMT.0063BBB,3223782.051282051
1690E,3236494.7289156625
1760I,3297347.7547628838
1755E,3304854.573643411
1824B,3384514.4118139227
FMT.0028M,3392463.1880144035
FMT.0050L,3423296.5244391025
1734B,3430807.1445386065
1720I,3523610.8925359715
1442V,3531530.781
1802H,3581985.4797979803
1731G,3608365.885416667
1755D,3631504.932735426
1776I,3691716.0353244157
1711F,3768126.9425019426
1759A,3774472.705017166
FMT.0063NN,3778050.964877137
FMT.0061H,3807850.0176553675
FMT.0063FFF,3882540.2062218473
FMT.0010Q,3990002.6647286825
1822E,4057953.000992063
1691F,4078354.7979797986
FMT.0050I,4109765.256485849
1728D,4209600.010702055
FMT.0251C,4304105.346331909
1789E,4331050.408568905
FMT.0244M,4416324.533
1791F,4481993.737599206
FMT.0244D,4490100.646
1776N,4557041.196469908
1777B,4568122.332317074
1772L,4730295.291179338
1798D,4827465.147243108
1721A,4934961.286
1716B,4990719.937
FMT.0063II,4995026.765046296
FMT.0028B,5036688.174293156
FMT.0251H,5059698.286489152
1723A,5062333.495
1789D,5173686.155913979
FMT.0244I,5195272.916666667
1757S,5207409.209280304
FMT.0250K,5252797.797797797
1711H,5341278.388
1785F,5506714.645
1785E,5585003.579
FMT.0063HH,5738512.382075472
1691A,5749147.511398176
FMT.0244J,5908131.681
FMT.0063KK,5951105.46875
FMT.0243E,5985244.061
1802G,5989964.676155115
FMT.0010I,6013825.729166666
MSK20,6040771.940987934
1760F,6041940.104166666
1773G,6420312.030780781
1818O,6424895.833333334
1796F,6455434.027777777
1713C,6457332.797897196
1798A,6459770.591709623
1755K,6508547.079822097
1802N,6598707.217261905
FMT.0244O,6650576.7822265625
FMT.0098W,6651522.309711286
1656G,6804248.674816627
1822B,6899356.899289984
FMT.0063A,6917834.201388888
FMT.0245A,6988158.856
1755I,7000563.7583892625
FMT.0250D,7006192.708
1713G,7187244.201559934
972Q,7241531.982421875
FMT.0250J,7255336.130401234
1798M,7268520.622895624
1442KK,7275306.303
1695B,7280000.0
1785C,7310354.211
1642O,7330795.873397437
FMT.0107T,7342959.47265625
1766M,7555129.753304212
1720E,7687310.577876984
1708D,7692153.474
FMT.0061R,7698746.713985279
1772K,7747684.128630705
1755L,7823371.279373368
1723C,7890866.087
1776J,8002167.525632637
MSK17,8047993.029448622
1760C,8065044.939959491
1642F,8410637.44848901
1751S,8411606.445833335
1711D,8458890.699940048
1760E,8725245.432374338
1760B,8731209.309895834
FMT.0028F,8864849.305555556
1709E,8868368.981
1192RR,9025392.763
1705P,9383474.888392856
FMT.0126UU,9595325.790229887
1818N,9609909.0232684
1751U,9759534.893827163
1442GG,9988323.55
1713E,10063588.541666666
1708E,10273655.36
1798C,10394792.646290492
FMT.0250O,10417016.2521815
1818A,10463695.023148147
1757I,10527540.433114037
FMT.0251B,10591756.427304965
1758A,10720529.654578606
FMT.0063P,10723708.639705883
1786F,227622.8
MSK21,11096303.50378788
FMT.0035E,11178855.36991199
1708A,11810443.58
FMT.0063SS,11943182.291666668
1642L,11993368.808049535
1772B,12193727.719907409
1786G,147116.13
FMT.0241F,12527330.212922173
1711K,12795814.95
FMT.0063JJ,13151900.088922765
1789B,13291727.531492246
1711C,13504705.357142856
FMT.0126WW,13674680.013020834
1806D,13940703.355457226
FMT.0250I,13988451.06186519
1786H,1783161.0
FMT.0028G,14328415.725047082
FMT.0244C,14346628.76
1730B,14404119.088350633
FMT.0050H,14618793.276972624
1758D,14905230.360010706
1757Q,15125317.83136483
1814C,15256354.63169643
1442HH,15377658.75
1777F,15704066.342213115
1708B,15898555.72
1785B,16134361.84
1751R,16557098.060689656
1680B,16589406.779661018
1706F,16696888.71
1809N,16733911.356209148
1776G,17276345.11829096
1802A,17375431.950499002
FMT.0063A,17666087.78211806
1711M,17718933.99931694
1708C,17849457.71
1777G,17850565.087145966
FMT.0244H,18043019.494430166
FMT.0250N,18087161.39954853
FMT.0061J,18116145.833333332
FMT.0063HHH,18918314.516129036
1823N,18927985.356280193
1766N,18992203.97698045
1721G,19001643.06
FMT.0250P,19060973.70218579
FMT.0107I,19170230.963791266
FMT.0250T,19258237.5
1686J,19653816.056910567
FMT.0061Z,19729311.68831169
1786I,281004.19
FMT.0061CC,20267453.497023806
FMT.0251D,20292267.197986577
1757T,20630865.119485293
1716A,20800271.94
FMT.0251I,20850741.689435337
FMT.0107R,20867179.59449405
1760H,20980429.22247024
FMT.0251F,21518433.86627907
1785D,21547706.01
FMT.0063II,21948291.666666668
1777C,22106121.35701275
1798F,22573335.58153477
FMT.0020H,22953336.588541668
1757K,23106320.41879252
1192SS,23141843.14
1730A,23238538.586193293
FMT.0010H,23794130.276564777
1442II,23858363.73
1642J,23904123.53
FMT.0250U,24473247.25877193
1731A,24701421.52777778
1759C,25314619.646414343
1814D,25813538.707386363
FMT.0107S,26332185.01984127
FMT.0028I,26343888.88888889
1757U,26417314.70352564
1709F,26910850.7
1789F,27568568.778538816
1818C,27761186.39380531
MSK13,28302183.925653595
1766J,28384621.100567196
1755H,28661003.921568625
1766H,29628386.65086888
1642E,29799675.324675325
FMT.0028H,29998603.43992248
FMT.0239B,30252114.8
1726B,30650642.81
FMT.0244N,31071433.10911809
1766I,31708494.77244772
FMT.0107J,32469691.532258064
1751T,32891130.05151515
1773F,33244972.071256038
FMT.0063PP,33940739.14007092
1757P,33950081.38020833
1686C,34830222.37827715
FMT.0107Q,35196823.3401084
1757M,35424829.38218391
FMT.0244E,36233211.31879542
1757L,37398282.490079366
1757R,37624867.957746476
FMT.0063I,38386947.368421055
FMT.0063CC,38569618.710691825
1776C,39030733.7
FMT.0010G,39216250.0
1642K,39992045.06802721
FMT.0063GGG,42454038.382594414
1192U,42889412.58919471
1785P,43075296.51
1731I,45127995.26862027
1731D,45778973.64217252
FMT.0063FF,45825459.812623285
1798E,48291658.01186944
1751Q,49051088.614346
1706D,49684934.61
1801B,49934607.178714864
1731F,50112478.96950578
FMT.0010T,50191568.287037045
1671D,50432839.0
FMT.0028N,52611733.12883436
FMT.0061S,53060678.79499217
FMT.0063EEE,56954693.73219373
1706B,57230008.97
1705S,58079838.64
1822D,62472938.08411215
1442FF,62805009.22
FMT.0107N,63128922.0505618
FMT.0248B,63713990.14
1818D,66378687.015503876
1757D,66417267.81542056
FMT.0063RR,66537788.59289618
FMT.0107H,69373967.21311475
1728G,69428474.57627118
1713A,69475524.62121212
FMT.0250R,73185475.07788162
1691B,74758178.0167264
FMT.0251E,74916693.37606838
1728B,75202599.2063492
FMT.0063QQ,77348037.70949721
FMT.0251G,77623450.10615712
1731E,79160830.83083081
FMT.0250S,79834749.39613527
FMT.0061X,80459893.93939394
1759D,81323206.75105485
FMT.0107M,84543032.58145362
FMT.0028L,93164866.83848798
FMT.0061V,94898066.52046783
1442W,97510247.71
1798G,98884064.13612565
FMT.0251J,101727034.94623657
1785O,105760520.0
FMT.0107K,107266326.53061225
1721F,107562885.2
1731B,107962445.02314815
1442Z,109252715.9
1720D,110531810.8974359
FMT.0107B,111295097.05488619
1757G,111707941.54228857
1713H,113080508.02139038
FMT.0063I,113128644.73684211
1757O,121733973.122428
FMT.0107G,123595099.73404256
1798N,127038835.66978194
FMT.0063WW,129570174.05063291
FMT.0098X,130599803.03030303
1706C,137765594.4
1766F,137845661.40776697
FMT.0107O,137979559.06148866
1442DD,145854637.9
FMT.0107E,149261072.74401474
1766G,150412349.9293785
1442EE,157303309.6
1757F,158420789.14141417
MSK11,162034414.9543379
1785L,181335686.6
FMT.0063CC,183202704.4025157
1785K,202858236.5
1818I,209055112.00716847
1824I,211703029.62962967
1726C,215596564.5
1757N,218612420.23273274
FMT.0063G,246158338.88888893
FMT.0250F,249414626.5
1705V,251779652.07631877
FMT.0250H,251824653.09200603
FMT.0063YY,252029484.1269841
1758F,259214305.16098484
1678B,275614449.76076555
1705T,305226346.72619045
FMT.0063VV,338859967.1052632
FMT.0250W,339962121.2121212
FMT.0218C,363288368.3
FMT.0061K,403120467.6258993
1728F,420266525.6410256
1785M,446796787.5
FMT.0107P,474147048.61111116
1442JJ,678732642.3
FMT.0107D,684865487.1794872
1824H,694852094.5945946
1728E,731796470.5882353
1442CC,734645345.7
1721D,1108451905.0
1757E,2433090817.9012346
1442AA,2722509901.0
FMT.0061I,3068265913.370998
1442BB,4628029035.0
FMT.0063EE,9937814219.269102
698J,644821.1588541667
1192X,0.0
1192Y,0.0
1192Z,0.0
1398G,124743.69638480393
1398H,12626.279072377874
1644A,11811.583747773158
1644B,2292.3891208315854
1644C,11052.291101453644
1710D,174.90618619051847
1710E,802.0571817413307
1710F,3384.3291039560354
1710G,462.94786909403564
1710H,1058.4128264643718
1710J,17572.558720906574
1710K,16571.85307716837
1801D,607477.5833333334
FMT.0238A,244461.54078185328
FMT.0238C,311015.0694444444
FMT.0218T,7487781.601123597
FMT.0248I,124743.02902110625
FMT.0249B,190858.6033950617
FMT.0249C,8075.96923828125
FMT.0249A,1907.71484375
1645A,1521191.3525068872
1645B,5802674.27398568
1645C,309629.23626242543
1645D,213.11488070175437
1645E,4058.2029324675323
1645F,2038.4058394014962
1645G,0.0
1645H,30.125483840749414
1645I,1029.8932500840338
1645J,99440.00143521595
1645L,260399.17913924053
1656H,36985849.16455696
1656I,935279.2647537473
1656J,44395521.07656612
1656K,3062970.9408099684
1656L,2031265.8610764875
1656M,5278819.243930636
1656N,33809297.94129158
1656O,1255303.0453503183
1663A,3475340.054771784
1663B,1232554.7746456692
1663C,17178585.680751175
1663A,13349096.21
1663B,312.8549746
1663C,3153697.061
1663D,8508765.258
1663E,2547403.959
1663F,412505.4439
1663G,21932494.76
1665J,7259.972793
1665K,2929.959463
1665L,400235.1845
1665M,5227653.134
1665N,22807790.42
1665O,17493540.99
1669A,2415261.521
1669B,143726.6606
1669C,1305868.136
1690E,1496638.258
1690F,1456519.506
1690G,35702323.59
1690H,6630412.476
1690I,11786526.96
1690J,36158038.7
1690K,7393177.083
1690L,228867393.0
1690M,1970084.884
1648A,2120560.904
1648B,8483000.765
1648D,21015508.58
1648E,136385539.5
1648F,33994617.14
1709G,14413811.49
1709H,8127907.28
1709I,911523.4975
1709J,63309.28421
FMT.0113AA,602.728895
FMT.0113BB,8870243.546
FMT.0113CC,10618030.18
FMT.0113Q,84331.62474
FMT.0113R,191236.9191
FMT.0113S,51310.70879
FMT.0113T,321917.8464
FMT.0113U,182770.4092
FMT.0113V,11792.39528
FMT.0113W,19550433.72
FMT.0113X,1032734.414
FMT.0113Y,88445.12392
FMT.0113DD,208181.8674
FMT.0113EE,52693377.35
FMT.0113FF,1666.954459
FMT.0113GG,352.8114607
FMT.0113HH,85691.27767
FMT.0113II,101736.5282
FMT.0113JJ,0.0
FMT.0113KK,21307.7673
FMT.0126OO,1010216.522
FMT.0126PP,2194690.327
FMT.0126QQ,1063140.444
FMT.0126RR,1375080.259
FMT.0126SS,1283998.127
FMT.0242A,214918.1731
FMT.0242B,1072040.785
FMT.0242D,62165.43969
FMT.0242E,48810624.35
FMT.0242F,559144.1411
FMT.0242G,98082.02444
FMT.0242H,602987.9657
FMT.0242I,266056.739
FMT.0245B,202.1989135
FMT.0245C,0.0
1398I,66016.09285
1398J,33480888.1
1398K,4876103.516
1658G,443549.8249
1658H,10256.79697
1658I,13588.28418
1658J,25396.39791
1658K,491889.9087
1665A,701.5966476
1665B,57391.28253
1665C,507925.9414
1665G,33484.61269
1665H,2342.498681
1665I,273452.5843
1665K,5235.994538
1678A,301.0869801
1678B,42324179.63
1680B,1912145.667
FMT.0245D,8656.734954
FMT.0245E,14719206.22
FMT.0245F,959011.2127
FMT.0245H,38839.56644
FMT.0245I,189542.7251
1442T,31413.06398
1442U,6940605.289
1431A,6298.22004
1431B,26261.1319
1431C,18947086.0
1432A,1742977.08
FMT.0125F,41802.6786
FMT.0125G,1228855.55
FMT.0125H,592542.825
FMT.0125I,137354.844
FMT.0161C,161722.411
FMT.0161D,56624.7458
FMT.0161E,73822084.2
FMT.0161F,93149.3019
FMT.0161G,5937.25635
FMT.0161H,66768.3203
FMT.0165J,18830.4712
FMT.0171P,26044987.1
FMT.0171Q,13832363.3
FMT.0171R,15663453.2
FMT.0171S,397485041.0
FMT.0175K,53888.6079
FMT.0175L,34439.6203
FMT.0175M,282275.086
FMT.0175N,476812.4
1366R,1043692.59
1366S,43483748.5
1380G,82.2079614
1380H,4354.83779
1380I,699.33151
1380J,7801.51367
1393D,14728836.2
1393E,4222223.12
1393F,2212982.12
1393G,474344.839
1393H,205976.684
1393I,3544196.07
1393J,2667516.08
1394I,561343.642
1394C,3959305.5
1394D,2120845.93
1394E,189305693.0
1394F,523443.6
1394G,144837.691
1394H,29827.7833
FMT.0158Q,2220019.09
FMT.0165B,835548.612
FMT.0165C,205684.139
1380K,99404.1905
1393K,1328232.7
1393L,6746595.01
1393M,535057.555
1393N,996022.21
1394J,312726.366
1394K,0.0
1394L,0.0
1394M,0.0
FMT.0158R,344774.644
FMT.0165D,16820.0775
FMT.0165E,2015.06182
FMT.0165F,5435.64629
FMT.0165G,11813.3928
FMT.0165H,4185.97959
FMT.0165I,262.763905
FMT.0169B,512639.825
FMT.0169C,10217263.2
FMT.0169D,301613.166
FMT.0169E,104683.676
FMT.0169F,11958587.1
FMT.0172B,498949.55
FMT.0172C,1973711.81
1431D,194649.07
1431E,11954028.2
1432B,66.1690849
1432C,17458.9118
1432D,9286754.43
1432E,4764347.87
1432F,9813857.93
1432G,14040413.3
1432H,51453.7096
FMT.0125J,916.333587
FMT.0125K,2265566.9
FMT.0125M,1477666.04
FMT.0125N,172126908.0
FMT.0125O,15437875.2
FMT.0161I,3911114.84
FMT.0161J,1949213.48
FMT.0161K,415674.274
FMT.0161L,2767789.77
FMT.0161M,95432.4826
FMT.0161N,2265684.94
FMT.0161O,733747.603
FMT.0180A,669864.803
FMT.0180B,94128.4205
1394N,414794.47
1431F,9193153.5
FMT.0169G,14873.905
FMT.0169H,11894646.0
FMT.0169I,863133.21
FMT.0169J,458596.28
FMT.0169K,14322.875
FMT.0169L,147719.37
FMT.0169M,118914.06
FMT.0169N,2874.9272
FMT.0171B,138120.83
FMT.0171C,441031.97
FMT.0171D,162342.34
FMT.0171E,17267.443
FMT.0171F,119943.51
FMT.0172D,12961494.0
FMT.0172E,11862094.0
FMT.0172F,151935.8
FMT.0172G,7831923.9
FMT.0175B,178818.32
FMT.0175C,544892.67
FMT.0175D,128671.16
1394O,74386499.4
FMT.0165L,22431935.3
FMT.0169O,414929.648
FMT.0171G,36873.3735
FMT.0171H,17185206.7
FMT.0171I,27245638.5
FMT.0171J,1240938.7
FMT.0171K,10211305.2
FMT.0171L,58043390.6
FMT.0171M,20682963.2
FMT.0171N,8983917.84
FMT.0172H,8113131.47
FMT.0172I,52486.9726
FMT.0172J,16633883.1
FMT.0172K,3991130.81
FMT.0172L,3627403.1
FMT.0172M,3360641.98
FMT.0175E,291991.597
FMT.0175F,263311.022
FMT.0175G,42928667.3
FMT.0175H,6067256.46
FMT.0175I,11917552.6
1431G,1891849.0137411347
1432I,888394.3306845966
1432K,175157.7238565418
1432L,31725.18606597799
1432O,17352.857345189805
1442A,11215106.897627966
1442C,20449153.85345482
1443A,546393.0612762655
1443B,164278.16268648132
1443C,27950.074157506813
FMT.0125P,5825630.45511222
FMT.0125Q,12400992.1875
FMT.0125R,1712848.3072916667
FMT.0125U,13095407.122169564
FMT.0161B,284115.2730507426
FMT.0161I,143153.82535267598
FMT.0161Q,345745.42703317286
FMT.0161R,225076.85479259398
FMT.0180C,10913.357731593853
FMT.0180D,2367.5533748408247
FMT.0180E,506.71984246895136
FMT.0180F,1385.7583356902467
FMT.0180G,250.9666080742335
1432M,799893.1709979955
1432N,199.0385864116035
1442B,441663.5581719483
1442D,30184.52685812245
1442E,132463.58591221683
1442F,357948.6841354927
1442G,25582278.554778554
1442H,21895309.500959694
1443D,224108.6769104004
1443E,4401.306117684378
1443F,287.60179315397284
1443G,378.8209764481536
1460A,305708.78623188403
1460B,2301093.895213755
FMT.0125J,6463588.243789718
FMT.0161S,1287.4480407113936
FMT.0161T,39446.26013991725
FMT.0161U,2068.034162425032
FMT.0169P,0.0
FMT.0171O,1213214.7359341825
FMT.0175J,16464011.858974356
FMT.0180H,1139.432576762997
FMT.0180I,598.0491044610368
1460C,1696864.8608265028
1460D,106718.66296234402
1460E,289.6416063110034
1460F,248.91276375141015
1460L,7211204.627949183
1460M,1575778.9705735412
1461A,38030.927878339986
1461B,9315.67303847686
1461C,22618.633622481415
1461D,30985.93778648698
1461E,2590755.1337153777
1461F,14493282.442748092
1461G,566119.8532794426
1461H,5662081.954946441
1461I,5227076.026678656
1461R,25583.731583722933
1461S,57724907.616892904
1461T,171680.65599173555
1461U,2651511.207651869
FMT.0186D,12903.793684018205
FMT.0186E,4877.494949478287
FMT.0186F,4001.922888430882
FMT.0186G,4825.127209871215
FMT.0186H,6566.801236431654
FMT.0186I,6385.620755821422
FMT.0186J,9411.854405556956
FMT.0186K,17805625.0
FMT.0186L,3822788.8492555832
FMT.0186M,50165.589347718254
FMT.0189C,28380880.9982862
FMT.0189I,100028.21509364479
FMT.0189J,644065.7273860399
FMT.0189K,49404.925355816835
FMT.0189L,17186.34794582375
FMT.0189M,853747.7355072463
FMT.0192B,971272.8699252137
FMT.0192C,277970.0404278559
FMT.0192D,199344.23745083972
FMT.0192E,31112.770201667907
FMT.0192F,1254689.4044075964
FMT.0192G,267636.64626560395
FMT.0192H,27807.060216519694
FMT.0192S,8597792.317708334
FMT.0192T,1574754.8314144737
FMT.0196A,616612.604275856
FMT.0196B,310496.03817327233
1442M,1936232.7
1442N,6084072.8
1493D,144367.19
1493E,64390.423
1493F,6188.7325
1493G,341614.03
1493H,289241.1
1493I,146046.99257884972
1493J,775.9045215311004
1493K,9959.49771863118
1493L,12154.204100946374
1493M,20564.0775147929
1462A,1590321.5
1462G,589806.35
1479C,14335649.0
1479G,3527671.1
FMT.0169C,10797336.0
FMT.0169I,12183.947
FMT.0169J,8595669.8
FMT.0195D,930687.43
FMT.0200A,452954.66
FMT.0200B,90664.778
FMT.0200C,18327.187
1493N,268158.9049512468
1511A,524595.2690972222
1511B,62355.12090541874
1511C,372902.961617569
1511D,202003.4839199969
1511E,84558.99779559576
1511F,66132.77805335096
1521M,51950.06084226862
1521N,6382389.103464419
1530B,6709240.885416667
1530C,814195.859375
1530D,3227154.367780528
1532B,28729.654947916668
1532C,4197.4183299657325
FMT.0197M,26405.38853923167
FMT.0197N,198558.58468677494
FMT.0197O,221371.48117970346
FMT.0197P,527714.7556390978
FMT.0208D,22228.81995098792
FMT.0208E,4320.427996098729
FMT.0208F,86447.06789127066
FMT.0208G,8359.606146268105
FMT.0208H,825455.1879985306
FMT.0208J,319644.7232238248
FMT.0208K,159857.64523769947
FMT.0208L,2833166.487949346
FMT.0208M,333466.1635487528
FMT.0208N,6924.796014944286
FMT.0208O,1927840.3191137568
FMT.0208P,1846931.0114059588
FMT.0211B,322113.65419770975
FMT.0211C,5158348.967116358
FMT.0211D,41026463.240542464
FMT.0211E,41833050.51421658
FMT.0211F,57264.868685039546
FMT.0211G,14968866.804534312
FMT.0211H,2027530.472840314
FMT.0211I,4416.877399073377
FMT.0211J,14572.56179352904
FMT.0211K,10003.98043331916
FMT.0211L,1126118.6612406217
FMT.0211M,56344576.822916664
FMT.0211N,31369338.23529412
FMT.0212A,1437561.5351291744
FMT.0212B,29353.153416367826
FMT.0212C,132777.24228896105
FMT.0212E,38808.838856562186
FMT.0215E,68233.2836450923
FMT.0212G,116696.9113817402
FMT.0212F,188306.0456759063
FMT.0215C,357173.18789398833
FMT.0215A,746373.6706764296
FMT.0219H,718524.7049031476
FMT.0215F,3815341.7522831047
FMT.0215B,3790591.227888336
FMT.0219F,4824044.540229885
FMT.0219G,6192376.961219657
FMT.0215D,6121868.210121887
1546B,11979447.513812155
1546C,3991415.7738095243
1546D,14219726.0941247
1546E,95476.30219386672
1546F,122641.24685704021
1546G,1125083.6061017786
1546H,1141913.1961431832
1546I,6182554.943150304
1546J,1419949.7257769653
1560A,6593521.162858817
FMT.0197B,54295.007078439594
FMT.0197C,25953.74624765734
FMT.0197D,19521.314651570854
FMT.0197E,3431244.6964751957
FMT.0197F,26322809.64052288
FMT.0197G,9963842.769876001
FMT.0197H,108080.13060382594
FMT.0197Q,0.0
FMT.0197R,1097415.0830518017
FMT.0197S,263968.9567497185
FMT.0197T,964591.4651181353
FMT.0197U,41313.80365336951
FMT.0212D,35039.02050463447
1511G,39046.02749797507
1511H,13457.260184928453
1511I,87952.77786782505
1511J,190711.94461680207
1511K,2572198.398919753
1521A,4673163.632059229
1521B,1571393.0989583335
1521C,11889223.7654321
1521D,18930054.185351267
1521E,28466.154180021364
1530E,10764.994551928812
1530F,602.0059334817229
1530G,861.1390181262083
1530H,319.7460879816388
1530I,235156.71086282856
1530J,6623830.950032874
1530K,11211273.513920242
1530L,2479825.3580729165
1530M,1890175.414862915
1532D,99687.93624486678
1532E,3126.194092249826
1532F,7272.774232636898
1546A,9235948.649337409
1511L,1302740.2488425926
1511M,1699425.3150720166
1521F,30738.111275025854
1521G,7180178.722504231
1521H,40199.15080639928
1521I,3485.515277443239
1521J,1161.7737896037552
1521K,2960.904739660228
1530A,2739165.6806792873
1532A,312424.24183474435
628B,1113387.9414034132
628C,449727.6475694445
FMT.0197I,473117.45835321245
FMT.0197J,925820.8698986872
FMT.0197K,338233.9969758064
FMT.0197L,256086.23707352055
FMT.0215G,3281168.154761905
FMT.0215H,15178924.319727892
FMT.0215I,79118731.37802608
FMT.0215J,10539270.367263237
FMT.0219E,1941296.2299311927
FMT.0219I,10042.833480624784
FMT.0219J,144167.67866409133
1560B,113041.72023338608
1560C,2639528.5117131616
1560D,397035.8263156115
1560E,17203.84059254013
1560F,6067050.02741228
1574A,418488.4485952171
1574B,389083.93488060427
1574C,1226681.819831591
1574D,13852826.88766114
1574E,4326104.013801537
1574F,267457.0007604453
1574G,9050102.41386218
1574H,23283076.131687243
1574I,1831155.088559814
1574J,2004376.8024065234
628D,7307.912876878666
628E,68802.76612561158
628F,328500.9141224425
628G,1050755.230327984
628H,83813.84516697304
628I,1753185.9398460963
628K,106953.92685949511
1580A,97861.767
1580B,128926.73
1580C,849649.58
1580D,47880585.0
1580E,396747.51
1580F,1531885.5
1580G,8801757.4
1580H,52917209.0
1580I,22298742.0
1580J,3574345.0
1580K,911821.59
1580L,1388776.1
1580M,1101329.8
1581A,9978.9143
1581B,97821.511
1581C,1424594.6
1581D,22660306.0
1583A,4274291.7
1583B,11057419.0
1583C,80111284.0
1583D,18531215.0
1588A,151324.92
628J,1247153.5
1366A,64446445.2
1366B,33640947.6
1366C,267992051.0
1366D,13559790.4
1366E,7624511.9
1366F,97653364.5
1366G,119860612.0
1366H,76813730.2
1366I,63171402.4
1366J,25599902.5
1366K,9802072.86
1366L,24934558.1
1366M,23143149.4
1366N,1028889.58
1371A,205161.792
1371C,1528910.84
1371D,238107.658
1371E,13870316.3
1371F,281329144.0
628L,44045.0006
628M,1015596.31
628N,152797.121
628O,229042.864
1371G,347356593.0
1380A,1098939.09
1574K,1746858.19
1583E,6886484.21
1583F,3451318.46
1583G,26676301.4
1588B,3423.4126
1588C,6904624.13
628C,1595535.45
FMT.0157B,4686955.24
FMT.0157C,1869186.18
FMT.0157D,499015.803
FMT.0157E,87626.7206
FMT.0157F,1852126.63
FMT.0157G,185914.46
FMT.0157H,7428.03942
FMT.0157I,212979.939
FMT.0157J,8972.46198
FMT.0158B,2849952.02
FMT.0158C,630488.915
FMT.0158D,5030020.08
FMT.0158E,1226189.32
FMT.0158F,990422.544
1461Q,244461236.0
1462B,75801.5485
1462C,440158.972
1462D,1021.42906
1462E,1.13079462
1479A,136119.919
1479B,1062350.78
FMT.0125V,98434337.7
FMT.0180J,2356.80103
FMT.0180K,4613.14018
FMT.0180L,4532.38235
FMT.0186B,9623942.96
FMT.0186C,288494.487
FMT.0186N,159545.488
FMT.0186O,126216.734
FMT.0189D,36824314.0
FMT.0189E,6422.96678
FMT.0189F,338872.932
FMT.0189G,35936.8697
FMT.0189H,3396045.17
FMT.0192I,2621738.0
FMT.0192J,126460.501
FMT.0192K,315173.283
1460N,78975988.37209302
1461V,9212029.972752044
1461W,4023366.980820106
1461X,155576.74259334416
FMT.0192L,11477273.832684824
FMT.0192M,320438.1825735993
FMT.0192N,580403.8801096907
FMT.0192O,200999.92505190437
FMT.0192P,20562.002049814357
FMT.0192Q,155443.42750726745
FMT.0192R,35677403.27380952
FMT.0195B,385841.18453644734
FMT.0195C,219364.3737229033
FMT.0195D,726482503.6390102
FMT.0195F,6376058.114035089
FMT.0195G,3580185.860339506
FMT.0196H,87676.20802538561
FMT.0200D,1588529.6984156687
FMT.0200E,18247.861862182617
FMT.0200F,380.8184395059507
FMT.0200G,1202.3598996419753
FMT.0200H,670.7467338591243
FMT.0200I,265.6128489727291
1462H,308881.52551814856
1479D,4118168.062363834
1479E,2462864.2128971075
1479F,70580.6547420317
1493A,51908039.305301644
1493B,3819475.8092286503
1493C,11282738.397696476
1919A,559.7006479899088
1919D,372954752.3809524
1919E,121661350.0
1919F,6446976.19047619
1919G,23255439.285714284
1919H,345150.78125
FMT.0189N,42509733.23890462
FMT.0189O,22451404.944289695
FMT.0189P,11751655.653450806
FMT.0189Q,4900253.051346801
FMT.0189R,906182.1006944444
FMT.0189S,688022.8794642857
FMT.0195E,601454.2168815397
FMT.0195F,571779786.9674187
FMT.0195G,2019358.7480709876
FMT.0195H,13090215.476190478
1881B,37109937.60399334
1881C,74883676.57856093
1881D,35027745.5882353
1881E,41867007.42240216
1881F,1972956.1360677083
1881G,58799545.36604361
1881H,585524369.8732288
1885A,60493933.22014714
1885B,27737336.919398908
1885C,899422.5363756614
1885D,66761523.11991871
1885E,152655701.2487992
1885F,20954357.893450633
1885G,74465945.38897477
1885H,54053734.198270135
1885I,5592402.752842609
1893A,190028.87712445174
1893B,499829.07275534666
1893C,1079292.96875
1893D,679801182.9573934
1934J,6610130.566704892
1934K,4524382.677622842
1934L,2984846.390335648
1885J,247569706.4989518
1893E,529471732.90938
1893F,12035448888.888887
1893G,741028086.9565217
1893H,34408249.299719885
1893I,3903325.1488095243
1896B,194733489.3882647
1896C,140802662.19239372
1896D,29743121.81122449
1896E,121655922.72202998
1896F,137572401.34994805
1902C,18674629.149377592
1937B,11618287.14940669
1937C,5626484.469013236
1937E,598843.1803385417
1937F,16744033.171521034
1951B,4130895.155826558
1957B,185648.54660313646
1957H,1609.240705117412
1957I,934633.5849898064
1965A,223279716.31205675
1965B,83251290.57428215
1965C,273645132.27513224
1902D,5218024.240654206
1902F,5141420.914239482
1902H,60908654.147104844
1902I,80525420.1388889
1902J,317990100.0
1902K,55709483.38963964
1909A,8808859.269932758
1909B,274571793.57021993
1909C,37124363.041289024
1909D,592177.7423730548
1909E,24801701.766304348
1909F,493062.58764022443
1909G,5135119.650900901
1909I,279238.61331866623
1909J,22884785.87962963
1909K,641367493.4383203
1909L,4713342.8697183095
1909M,2355878.1634507827
1915A,444336559.4541911
1915B,3991418.0345117846
1915C,6155595.987136465
1915D,676032.4977490066
1915E,240724.81878326193
1838B,73011076.48725213
1838D,492887.9336022603
1838E,41898466.94378464
1838G,16925145.778938208
1838H,120111642.4535916
1838I,11747048.220973784
1839A,0.0
1839B,0.0
1839C,384147.1823216859
1839D,494491.99394707213
1839E,322971.4582627597
1839F,66981.7431143104
1839G,55111630.32945736
1842A,17608219.98207885
1842B,7321175.169053301
1842C,26265998.10098302
1842D,16853600.187265918
1842E,7461592.725819346
1842F,60185411.7063492
1848A,20046067.023026317
1848B,2838078.663291434
1848C,66703551.67667668
1848D,27796528.070175435
1858H,562357213.3333334
1866A,644112.6432291666
1866B,148431.25
1866C,156125.59895833334
1866D,332083.6848958334
1866E,2692042.03125
1866F,25516.449381510414
1866G,2817.13373819987
1866I,98203.06315104166
1866J,7034.70782731253
1873B,256109960.0
1873C,487485706.6666666
1873D,787082613.3333333
1873F,9719.8974609375
1873G,3861870.416666667
1873H,102159.94466145834
1873I,61723.076171875
1873J,6191.568705240885
1873K,1788.6547735560011
1873L,279972.06474887556
1873R,16406468.704245973
1881A,2901986.666666667
1617L,126522195.65217392
1617M,244446489.010989
1617N,25014538.067190226
1617O,18548703.163390663
1617P,11218025.716145834
1622A,2882711.63387883
1622C,6238200.147141256
1622D,43165.88416466346
1622E,12353459.422831632
1622H,2077740.2195785984
1622I,9394599.938118812
1622J,79200954.14201184
1622K,16164594.234496124
1622L,4520074.354892761
1622N,2481288.837571977
1833A,32523041.543026704
1833B,30987852.961432505
1833C,23683867.428131416
1833E,375401579.5724465
1833F,1658737.3511904762
1833G,69475.17893021785
1833H,140427.91112571882
1838A,490615870.71240103
1957K,421429.4803503788
1957L,10979.708219305487
1965D,6607559.046345811
1965E,160860165.44117647
1965F,397500.33976922004
1965G,230887437.73946357
1965H,3366693.494496856
1965I,670138.1928066039
1965K,21365006.171011057
1965L,29987836.647727273
1965N,296975957.05862397
1965P,187108.83246527778
1976A,376701.29498864856
1976B,75223570.67510548
1976D,4683955.269607843
1976E,1619908.403445513
FMT.0164B,35482.22410912607
FMT.0164C,44138.89048457924
FMT.0164D,81542.03816914237
FMT.0164E,392016070.9219858
FMT.0164F,1743219.8745265151
FMT.0168D,83363198.47020933
FMT.0168E,1285556.017287234
1394A,71340891.06425703
1588D,18200436.58088235
1588E,9003871.268656716
1588F,43906936.80037314
1630K,1219253.9444529342
628P,28225654.6875
628Q,3594324.8046875
FMT.0157K,60315.59295654297
FMT.0157L,19614.851558909697
FMT.0157M,28842.971062345125
FMT.0157N,46513.107481216975
FMT.0157O,699182.6152985976
FMT.0158G,5094695.748256972
FMT.0158H,5495021.9946509
FMT.0158I,31153311.61971831
FMT.0158L,8703704.226321585
FMT.0158M,370601.13926659815
FMT.0158N,792152.2516214623
1366O,3331438.151041667
1366P,457796474.8201439
1366Q,68722224.02597402
1380B,65029438.9619883
1380C,7994.981057598663
1380D,910.3621420313101
1380E,1283.211535854125
1393A,209823.5928188931
1393B,13159785.416666666
1393C,101128422.06790122
1443H,7649.723611027321
1460G,48780271.447721176
1460H,135628017.0316302
1460I,21809563.031709205
1460J,3754582.100591716
1461L,14457811.049883991
1461N,2058318654.4342506
1461O,1334810953.5452323
1461P,1295152087.1143377
1630G,646730.8851680589
1630H,602396.2762188208
1630I,468865.5060907369
1630J,2465328.868519176
1630A,96648.8631370826
1630B,868645182.4817518
1630D,3112955.4680038206
1630F,1639561.6461748634
1981A,172907.14271622477
1981H,2893920.5025337837
FMT.0158F,2853510.9797297297
FMT.0158O,10585073.91624579
FMT.0158P,4717054.42583732
FMT.0232B,264663722.22222224
FMT.0232C,9226035.104986876
FMT.0232D,165064062.5
FMT.0232E,134350647.24919096
FMT.0232F,195225055.27210885
FMT.0232G,48171057.692307696
FMT.0232H,28195124.74670719
FMT.0232J,510299.171367598
FMT.0232K,62211461.02343376
FMT.0232P,102559.19081082496
1915F,31665.235978207533
1915G,228150176.76767677
1921A,900246.8707997311
1921C,831383.6673782418
1921D,9526153.75905797
1921E,300774.05080012075
1921F,2475802.0833333335
1921L,43078210.4519774
1934A,2180659.082745559
1934B,2640552.4918300654
1934C,1262270514.2857144
1934D,11185588.4009009
1934F,1900451.6965951493
1934G,348.13341887100887
1934H,339069160.4477612
1934I,280727243.7810945
FMT.0100D,171753457.91805094
FMT.0100E,97637016.12903225
FMT.0100F,93188025.64102565
FMT.0100G,277877507.7160494
FMT.0100H,45432259.786476865
FMT.0100I,2841307.3799435026
FMT.0100J,9834488.614341086
1617A,1788257.6657863848
1617B,27022.14837271973
1617C,4982.180001745263
1617D,46749.72025553386
1617E,29633054.19007491
1617F,83065898.26839826
1617G,25131505.996309962
1617H,29888367.794486213
1617I,1415275.547357253
1617J,7870056.6314554
1617K,11782405.055331992
FMT.0208B,34111503.24923548
FMT.0208C,3857318.052117712
FMT.0219A,62240.21303321625
FMT.0219B,14913.037531890754
FMT.0219C,21461.63277004076
FMT.0219D,4226036.0962566845
FMT.0240I,7793822.593476532
FMT.0240J,78991172.09834191
FMT.0240L,214981815.0448585
FMT.0240M,209518018.40056616
FMT.0240N,608448.2977642276
FMT.0240O,424676.89295039163
1842I,122954.60743947072
1842J,3880.84862205956
1842Q,3635.7747136174257
1844B,2490770.614364364
1844D,140492402.4024024
1844E,2399803.8663663664
1844F,2660.5244847508643
1844G,241299.0676223098
1844H,1988554.4528903903
1844I,25550105.105105102
1844J,28729161.036036037
1848E,743825.4648297491
1848F,244545440.44044048
1848G,541212.8730292793
1848H,229195.42589464466
1848I,18152221.596596595
1848J,37132769.019019015
1848K,1107398.0816754254
1858A,448678.0726038539
1858B,3979.892749805469
1858D,125803.23976320068
1858F,1270369.431931932
1858G,117742970.47047046
FMT.0229G,572489147.9820628
FMT.0229H,11815411.622276029
FMT.0229I,29642528.464147285
FMT.0229J,162391071.42857143
FMT.0229K,711201778.9757413
FMT.0236B,100445.6172429078
FMT.0236C,284200549.01960784
FMT.0236D,5454845.302152318
FMT.0236E,4019833.0324909748
FMT.0236F,4060411.9892799356
FMT.0236G,480563900.0
FMT.0236H,354715.5115566882
FMT.0236J,365202861.1111111
FMT.0236K,893357257.3839662
FMT.0236L,33659914.77272727
FMT.0236M,73777466.46545942
FMT.0236N,690597519.379845
FMT.0236O,7706652.271775546
FMT.0240B,4248406.073778195
FMT.0240C,19133741.76689576
FMT.0240D,3786893.8386524823
FMT.0240E,10169403.195488721
FMT.0240G,651493.1616748166
